,batch_size,train_size,dev_size,learning_rate,dropout_rate,normalizer_before_class,use_lr_scheduler,wt_f1,train_loss,eval_train_loss,eval_dev_loss
0,8,94,27,5e-05,0.3,False,False,"0    0.000000
1    0.000000
2    0.000000
3    0.120114
4    0.182933
5    0.206854
6    0.447880
7    0.467520
Name: wt_f1, dtype: float64","[7044.998046875, 5034.39599609375, 3785.470703125, 2238.598388671875, 1685.7393798828125, 1224.7908935546875, 1581.5880126953125, 1358.522216796875, 1127.749267578125, 1534.4830322265625, 1395.1943359375, 764.6920166015625, 1043.171630859375, 962.7611083984375, 1075.784912109375, 1248.7091064453125, 1631.24609375, 1175.064697265625, 1435.7486572265625, 1278.9915771484375, 1037.2613525390625, 1456.8392333984375, 1269.2940673828125, 715.1033325195312, 930.0433349609375, 856.8935546875, 927.3126831054688, 1050.750244140625, 1414.915283203125, 883.1196899414062, 1336.37841796875, 1071.92626953125, 928.6163940429688, 1283.6412353515625, 1106.8203125, 605.3313598632812, 773.861083984375, 692.0116577148438, 781.0534057617188, 921.7044067382812, 1198.23193359375, 734.8668212890625, 1086.8927001953125, 986.8521728515625, 856.4471435546875, 1172.533203125, 944.6007690429688, 518.2987670898438, 619.832275390625, 566.995849609375, 668.8805541992188, 803.1021728515625, 1044.58984375, 622.29296875, 925.5985717773438, 812.5255126953125, 759.0675048828125, 880.7508544921875, 767.544677734375, 416.5303649902344, 551.4983520507812, 525.5648803710938, 518.5306396484375, 768.9880981445312, 941.4649658203125, 583.1449584960938, 794.843994140625, 722.5035400390625, 587.6546020507812, 789.4420166015625, 744.7184448242188, 367.57073974609375, 443.431396484375, 437.59649658203125, 498.61041259765625, 583.9323120117188, 809.7702026367188, 529.6854248046875, 645.5609741210938, 565.8035888671875, 537.4312133789062, 786.902587890625, 642.0272827148438, 312.4393005371094, 401.6912841796875, 342.76220703125, 385.56256103515625, 523.5465698242188, 700.7725219726562, 458.9033203125, 507.1845703125, 434.0699462890625, 451.0238037109375, 649.8837280273438, 535.7776489257812, 256.5671691894531]","[1089.7615966796875, 975.7122802734375, 1116.3582763671875, 1312.04150390625, 1819.9288330078125, 1220.56591796875, 1596.672607421875, 1409.1884765625, 1130.2335205078125, 1664.223876953125, 1461.031494140625, 773.7611083984375, 888.1552734375, 801.4152221679688, 923.7747802734375, 1086.413330078125, 1500.9150390625, 982.7598876953125, 1323.2147216796875, 1158.764892578125, 953.8064575195312, 1355.19775390625, 1224.154541015625, 644.3760375976562, 676.9867553710938, 624.5267944335938, 721.1981811523438, 881.084716796875, 1202.7667236328125, 739.5331420898438, 1056.421630859375, 947.7337646484375, 832.442626953125, 1075.45751953125, 976.14111328125, 526.7952270507812, 560.9842529296875, 498.09832763671875, 602.0047607421875, 787.984130859375, 1020.3687133789062, 590.0223999023438, 871.1632080078125, 849.175537109375, 762.1058349609375, 904.7445068359375, 819.666015625, 456.49664306640625, 455.90948486328125, 490.4450988769531, 508.5760803222656, 684.4905395507812, 865.842529296875, 533.6731567382812, 699.3590698242188, 649.0227661132812, 635.6813354492188, 778.378173828125, 678.4774169921875, 368.47900390625, 382.98956298828125, 408.8549499511719, 424.8814697265625, 604.3602905273438, 759.1572875976562, 472.318359375, 588.6844482421875, 576.908935546875, 572.3209228515625, 758.80517578125, 596.5882568359375, 321.99688720703125, 312.91632080078125, 299.9923400878906, 312.2486572265625, 482.7487487792969, 615.080322265625, 394.3898620605469, 462.9430236816406, 452.09765625, 489.87158203125, 659.167724609375, 509.3551330566406, 286.9859619140625, 258.5336608886719, 245.7275848388672, 273.92193603515625, 409.1027526855469, 546.1492309570312, 331.1117858886719, 397.9469299316406, 364.9698791503906, 400.7451171875, 608.2166748046875, 453.7160339355469, 222.27749633789062]","[2543.954833984375, 1569.318115234375, 1299.8194580078125, 582.7645263671875, 2094.72412109375, 1318.00830078125, 1078.4093017578125, 485.49560546875, 1688.6619873046875, 1093.7032470703125, 894.7113037109375, 405.3142395019531, 1515.2235107421875, 1011.7230224609375, 810.6280517578125, 322.71978759765625, 1390.3956298828125, 861.6434326171875, 696.3807373046875, 222.42337036132812, 1293.6865234375, 792.7286376953125, 615.6387939453125, 190.46568298339844, 1130.525634765625, 754.0799560546875, 531.649169921875, 162.95513916015625, 1116.5496826171875, 677.79052734375, 503.24066162109375, 150.89308166503906]"
1,8,94,27,0.0001,0.4,False,False,"0    0.000000
1    0.000000
2    0.000000
3    0.000000
4    0.000000
5    0.000000
6    0.080173
7    0.135241
Name: wt_f1, dtype: float64","[7056.17724609375, 3473.40771484375, 1894.94921875, 1304.94677734375, 1814.66943359375, 1220.6015625, 1578.404541015625, 1471.8076171875, 1157.3900146484375, 1656.158447265625, 1418.743408203125, 809.7221069335938, 1127.40380859375, 1018.6051025390625, 1116.7769775390625, 1319.205078125, 1818.4915771484375, 1215.603759765625, 1529.668212890625, 1383.145751953125, 1194.686279296875, 1560.2978515625, 1411.680419921875, 775.3131103515625, 1069.743896484375, 997.2382202148438, 1098.519775390625, 1278.595458984375, 1761.885986328125, 1194.9315185546875, 1508.728271484375, 1380.2640380859375, 1130.55810546875, 1538.212890625, 1380.298828125, 758.7406005859375, 1059.1490478515625, 969.5296020507812, 1079.2371826171875, 1218.44091796875, 1653.1021728515625, 1116.8349609375, 1419.676025390625, 1260.87841796875, 1042.224365234375, 1383.04345703125, 1250.224609375, 685.7840576171875, 915.3109130859375, 865.246826171875, 943.9786987304688, 1091.2005615234375, 1531.0223388671875, 930.2966918945312, 1324.035888671875, 1179.769287109375, 1027.58447265625, 1263.390380859375, 1192.3177490234375, 655.5458374023438, 892.6980590820312, 792.9520874023438, 868.0662231445312, 988.8465576171875, 1456.0771484375, 844.3945922851562, 1211.3046875, 1070.8314208984375, 910.5634765625, 1295.602783203125, 1157.4619140625, 615.435791015625, 769.7293701171875, 700.9851684570312, 772.0647583007812, 919.9801635742188, 1345.0301513671875, 761.5914306640625, 1129.295654296875, 1016.6769409179688, 877.1517333984375, 1225.4075927734375, 1022.9317626953125, 589.845458984375, 722.3192749023438, 634.738525390625, 713.287841796875, 838.4647827148438, 1145.136474609375, 679.7266235351562, 978.8167724609375, 896.6154174804688, 789.496337890625, 962.50732421875, 883.1478271484375, 463.2319030761719]","[1041.9423828125, 939.7547607421875, 1067.45166015625, 1233.058349609375, 1683.484130859375, 1156.37890625, 1488.9503173828125, 1313.7513427734375, 1073.197265625, 1529.809814453125, 1383.050048828125, 741.891845703125, 1122.876708984375, 1041.0712890625, 1176.6265869140625, 1366.037353515625, 1943.81640625, 1280.9466552734375, 1685.94189453125, 1478.2340087890625, 1187.9632568359375, 1743.5, 1540.4737548828125, 808.359375, 1051.998291015625, 964.6446533203125, 1081.907470703125, 1275.0570068359375, 1783.5272216796875, 1183.45849609375, 1548.6693115234375, 1367.9244384765625, 1103.5184326171875, 1608.1890869140625, 1418.6085205078125, 750.5394287109375, 816.6861572265625, 754.3890991210938, 831.1282348632812, 989.4016723632812, 1398.4459228515625, 876.364990234375, 1216.6192626953125, 1080.5872802734375, 894.3944702148438, 1220.85400390625, 1134.6397705078125, 607.5082397460938, 875.499267578125, 780.6195068359375, 910.8653564453125, 1072.1502685546875, 1544.66064453125, 961.582763671875, 1345.507568359375, 1165.78955078125, 937.779052734375, 1371.4766845703125, 1224.2496337890625, 629.452880859375, 714.2381591796875, 620.6771850585938, 748.5034790039062, 880.768310546875, 1282.4700927734375, 732.16259765625, 1111.78125, 1000.2200317382812, 812.9771118164062, 1161.321044921875, 996.574951171875, 533.04150390625, 605.7041015625, 529.5507202148438, 630.7044067382812, 780.0379028320312, 1058.712890625, 616.5816040039062, 926.634033203125, 900.9976806640625, 814.033447265625, 962.6201171875, 893.9094848632812, 489.3804626464844, 576.9682006835938, 496.2774353027344, 555.6588745117188, 765.5986938476562, 1018.16748046875, 615.7319946289062, 894.945068359375, 913.6431274414062, 888.4426879882812, 1008.7693481445312, 860.0211181640625, 434.0399169921875]","[2304.876953125, 1492.94580078125, 1224.2994384765625, 546.8819580078125, 2684.490234375, 1655.3118896484375, 1370.21484375, 604.6549682617188, 2453.81201171875, 1517.2969970703125, 1260.720458984375, 574.9693603515625, 1886.106689453125, 1206.5699462890625, 981.6495361328125, 459.0687255859375, 2149.25341796875, 1336.62255859375, 1080.2147216796875, 490.60626220703125, 1788.4481201171875, 1125.5281982421875, 910.9319458007812, 422.7408447265625, 1588.003173828125, 1020.4104614257812, 853.0408325195312, 359.2620849609375, 1817.8302001953125, 1050.3935546875, 892.4652099609375, 332.6846923828125]"
2,8,94,27,4e-05,0.2,False,False,"0    0.000000
1    0.000000
2    0.244515
3    0.425692
4    0.492619
5    0.510865
6    0.523398
7    0.534447
Name: wt_f1, dtype: float64","[7838.7900390625, 6047.8447265625, 4976.55859375, 3462.1259765625, 2742.05712890625, 1362.6536865234375, 1467.048583984375, 1380.56005859375, 1172.40966796875, 1658.521240234375, 1360.8037109375, 720.7849731445312, 925.3643798828125, 887.715576171875, 948.9305419921875, 1075.4444580078125, 1378.4249267578125, 868.3610229492188, 1137.4283447265625, 1038.064453125, 914.0940551757812, 1100.8681640625, 1012.2263793945312, 563.9989013671875, 699.3902587890625, 615.221435546875, 688.4153442382812, 787.4578857421875, 1115.3402099609375, 646.5805053710938, 890.96533203125, 866.5818481445312, 758.0925903320312, 865.6162109375, 795.5042114257812, 431.9230651855469, 504.88134765625, 544.996826171875, 552.8065185546875, 677.74609375, 950.2861938476562, 527.8604125976562, 696.4840698242188, 648.5829467773438, 563.2845458984375, 707.1849975585938, 626.875732421875, 330.7649841308594, 355.28399658203125, 404.7303161621094, 430.07647705078125, 500.6576232910156, 677.212890625, 386.3667297363281, 522.40283203125, 457.9569396972656, 430.2151184082031, 632.0565185546875, 482.3406066894531, 259.15838623046875, 273.7406921386719, 328.90399169921875, 324.2181701660156, 371.92333984375, 562.8943481445312, 380.56878662109375, 423.19390869140625, 369.80926513671875, 385.9188537597656, 612.8366088867188, 461.58270263671875, 201.2958984375, 249.6820068359375, 243.39523315429688, 252.7542266845703, 376.2500915527344, 520.3610229492188, 287.03656005859375, 381.4081726074219, 296.9093017578125, 340.0073547363281, 534.3348388671875, 391.28802490234375, 184.9719696044922, 203.51181030273438, 193.57852172851562, 240.1474609375, 311.7205810546875, 494.0651550292969, 258.586669921875, 321.95172119140625, 293.6079406738281, 294.94305419921875, 460.6717529296875, 358.8276062011719, 147.46253967285156]","[852.7840576171875, 782.74365234375, 885.7207641601562, 1058.000244140625, 1424.7100830078125, 937.5438232421875, 1212.3792724609375, 1097.9619140625, 934.99267578125, 1294.3236083984375, 1147.0474853515625, 641.0372314453125, 629.1141967773438, 596.7180786132812, 686.0538940429688, 797.5823974609375, 1160.3330078125, 686.3375854492188, 950.2369995117188, 905.204833984375, 798.260498046875, 1019.65234375, 903.0236206054688, 518.6390380859375, 454.80145263671875, 530.1387939453125, 556.2909545898438, 638.724609375, 991.918212890625, 555.1611328125, 737.2379760742188, 684.7114868164062, 632.60693359375, 753.3787231445312, 712.1355590820312, 391.9451904296875, 298.6748352050781, 377.4157409667969, 382.67486572265625, 466.3375244140625, 698.02490234375, 383.7029724121094, 536.674072265625, 470.40411376953125, 473.6316223144531, 620.425537109375, 537.401123046875, 276.4470520019531, 218.02284240722656, 280.4473876953125, 262.9999694824219, 338.7381286621094, 548.39111328125, 291.59796142578125, 395.892822265625, 320.89154052734375, 385.6915283203125, 550.6300659179688, 427.26202392578125, 211.0128936767578, 269.79541015625, 237.29876708984375, 259.31500244140625, 359.60089111328125, 518.5237426757812, 267.0068054199219, 412.8543701171875, 353.3524169921875, 430.6462707519531, 612.5813598632812, 437.56011962890625, 225.3350067138672, 165.44888305664062, 158.03042602539062, 191.3155517578125, 264.8315124511719, 435.84619140625, 218.2297821044922, 284.24847412109375, 264.824951171875, 327.14593505859375, 450.26898193359375, 359.32666015625, 150.7184600830078, 148.9254608154297, 129.42515563964844, 174.1417236328125, 230.03262329101562, 400.3945617675781, 202.65550231933594, 277.3631591796875, 226.19192504882812, 307.9184875488281, 401.1914978027344, 349.4875793457031, 118.93524169921875]","[1955.6837158203125, 1252.5166015625, 1021.5835571289062, 478.30548095703125, 1599.96533203125, 1027.4163818359375, 830.5851440429688, 382.9347839355469, 1348.773193359375, 840.4375610351562, 692.2166748046875, 279.4859924316406, 1084.381103515625, 661.645263671875, 528.1349487304688, 202.594970703125, 1122.734130859375, 623.6478271484375, 505.7423095703125, 126.92454528808594, 1117.51806640625, 697.7462768554688, 539.0701293945312, 109.628662109375, 1153.828857421875, 589.9854736328125, 500.78143310546875, 113.67778015136719, 1239.4510498046875, 634.207275390625, 524.9940795898438, 84.95893096923828]"
3,8,94,27,7e-06,0.6,False,False,"0    0.029080
1    0.001886
2    0.000000
3    0.000000
4    0.000000
5    0.000000
6    0.000000
7    0.000000
Name: wt_f1, dtype: float64","[8040.857421875, 7577.18505859375, 7449.61865234375, 6999.57275390625, 6760.02001953125, 6527.47802734375, 5839.77001953125, 5652.50146484375, 5124.908203125, 5408.912109375, 4533.20703125, 3456.307373046875, 4244.37255859375, 3983.259765625, 4046.344482421875, 3862.623779296875, 3471.368408203125, 3587.94189453125, 3095.02880859375, 2903.101806640625, 2620.998291015625, 2998.826904296875, 2561.592529296875, 1721.201416015625, 2327.943603515625, 2064.8984375, 2295.12353515625, 2117.02001953125, 2249.27197265625, 2026.6051025390625, 1968.2552490234375, 1659.5914306640625, 1422.931640625, 2018.35205078125, 1558.2286376953125, 966.2310791015625, 1388.1650390625, 1213.0374755859375, 1429.5887451171875, 1438.0137939453125, 1872.8385009765625, 1472.1685791015625, 1646.837646484375, 1503.074951171875, 1254.04345703125, 1813.1864013671875, 1544.45703125, 955.176513671875, 1223.00830078125, 1147.406494140625, 1262.8995361328125, 1394.32080078125, 1847.31396484375, 1432.3812255859375, 1638.0087890625, 1457.302734375, 1183.85791015625, 1730.201904296875, 1450.435546875, 846.318603515625, 1193.0711669921875, 1104.9208984375, 1215.7568359375, 1404.85595703125, 1880.69189453125, 1296.009521484375, 1614.2069091796875, 1441.880615234375, 1199.9248046875, 1747.523193359375, 1506.471435546875, 819.3148193359375, 1151.869140625, 1068.1348876953125, 1201.517822265625, 1335.8267822265625, 1819.8294677734375, 1298.2513427734375, 1631.21044921875, 1437.38232421875, 1198.60791015625, 1719.39013671875, 1460.37890625, 870.4563598632812, 1141.902099609375, 1049.5767822265625, 1183.3197021484375, 1387.18994140625, 1807.4306640625, 1316.29345703125, 1619.7864990234375, 1419.5863037109375, 1162.6986083984375, 1750.683349609375, 1478.29736328125, 824.1328735351562]","[6154.65771484375, 6079.0947265625, 6037.873046875, 6173.46728515625, 6130.32373046875, 6123.94921875, 6194.57958984375, 6081.044921875, 6118.81884765625, 6109.87841796875, 6153.1123046875, 4539.9228515625, 4765.5224609375, 4633.6181640625, 4600.88134765625, 4726.81689453125, 4675.4560546875, 4717.578125, 4846.29931640625, 4608.03759765625, 4653.26171875, 4632.27001953125, 4679.18359375, 3393.802978515625, 3437.592041015625, 3211.04150390625, 3267.46240234375, 3400.064453125, 3387.19091796875, 3406.96826171875, 3626.925048828125, 3248.65576171875, 3300.916259765625, 3277.561767578125, 3314.258056640625, 2326.97412109375, 2612.07421875, 2324.948974609375, 2458.106689453125, 2616.0712890625, 2665.838623046875, 2604.272705078125, 2887.37158203125, 2460.090087890625, 2500.614013671875, 2498.78173828125, 2519.90771484375, 1714.074951171875, 2311.284423828125, 2011.6619873046875, 2177.045166015625, 2338.48583984375, 2423.1982421875, 2314.069091796875, 2611.72802734375, 2191.974609375, 2221.199951171875, 2241.54345703125, 2250.7548828125, 1511.379638671875, 2137.020263671875, 1832.224853515625, 2009.3712158203125, 2181.218505859375, 2289.623046875, 2144.165283203125, 2455.988037109375, 2040.9552001953125, 2063.934814453125, 2091.0966796875, 2104.33349609375, 1394.6170654296875, 2007.9908447265625, 1702.38525390625, 1883.53125, 2066.522216796875, 2193.54052734375, 2018.6962890625, 2344.32080078125, 1931.8389892578125, 1950.058837890625, 1978.8194580078125, 2001.54736328125, 1309.003173828125, 1922.344970703125, 1617.6978759765625, 1800.240966796875, 1990.5308837890625, 2131.416259765625, 1932.7322998046875, 2268.732177734375, 1860.6531982421875, 1876.49169921875, 1906.38232421875, 1935.366943359375, 1253.9188232421875]","[6250.1943359375, 6133.4072265625, 6116.6083984375, 2298.0595703125, 4906.98779296875, 4664.89404296875, 4648.16748046875, 1764.484130859375, 3721.5537109375, 3296.58544921875, 3232.9521484375, 1287.202392578125, 3063.750244140625, 2512.25146484375, 2409.69482421875, 1011.6537475585938, 2839.548095703125, 2251.69873046875, 2133.741455078125, 915.5972900390625, 2718.4794921875, 2107.8984375, 1978.97314453125, 863.0555419921875, 2633.084716796875, 2005.68505859375, 1869.78662109375, 825.7869873046875, 2578.0791015625, 1940.25634765625, 1798.062255859375, 801.4544677734375]"
4,8,94,27,0.0002,0.06,False,False,"0    0.000000
1    0.000000
2    0.182566
3    0.283065
4    0.373035
5    0.475056
6    0.459938
7    0.480876
Name: wt_f1, dtype: float64","[7553.24951171875, 2803.621337890625, 1198.6424560546875, 1308.59521484375, 2018.3626708984375, 1127.593994140625, 1478.576416015625, 1266.654052734375, 1024.342041015625, 1346.86328125, 1252.1875, 645.7216796875, 844.6512451171875, 766.45263671875, 789.3095092773438, 991.3504028320312, 1314.266357421875, 946.80322265625, 1135.463134765625, 1026.70166015625, 866.8396606445312, 1322.9169921875, 1110.56201171875, 618.75244140625, 746.042236328125, 672.4979248046875, 706.4932250976562, 844.4518432617188, 1129.9007568359375, 706.7008666992188, 933.3906860351562, 1008.3819580078125, 712.38232421875, 999.8003540039062, 879.3486938476562, 468.8114929199219, 567.5692138671875, 540.6625366210938, 580.2171020507812, 769.956298828125, 911.6905517578125, 522.7796630859375, 679.680419921875, 652.0942993164062, 578.8682250976562, 695.6439208984375, 702.8717041015625, 311.2361145019531, 419.85205078125, 368.367431640625, 396.4628601074219, 658.8876342773438, 839.27978515625, 443.1994323730469, 603.5282592773438, 514.26318359375, 420.8801574707031, 624.694580078125, 538.7115478515625, 249.8810577392578, 438.823486328125, 312.2420654296875, 375.72705078125, 571.38232421875, 561.8346557617188, 359.2945251464844, 461.4469909667969, 368.2578125, 368.0909423828125, 490.5859069824219, 391.18115234375, 212.2388916015625, 205.49530029296875, 220.3044891357422, 272.6321716308594, 300.9907531738281, 409.0158386230469, 359.63592529296875, 363.5212707519531, 278.7841796875, 387.6623840332031, 519.27587890625, 342.9639892578125, 160.05653381347656, 218.66307067871094, 226.0634307861328, 203.1092987060547, 234.4283447265625, 374.3038635253906, 198.81825256347656, 303.84124755859375, 232.41542053222656, 255.7500762939453, 316.4486083984375, 295.59405517578125, 117.07041931152344]","[837.0055541992188, 772.195556640625, 858.7803344726562, 1014.3671875, 1442.043212890625, 925.7202758789062, 1275.517578125, 1094.84033203125, 903.311279296875, 1254.10205078125, 1144.1312255859375, 607.0167236328125, 717.1525268554688, 646.0421142578125, 729.813232421875, 877.6727294921875, 1244.5555419921875, 767.5899047851562, 1084.116943359375, 961.3046875, 830.9744873046875, 1066.3182373046875, 1015.8965454101562, 557.8096923828125, 540.1390380859375, 546.4493408203125, 565.8076782226562, 703.7379150390625, 965.9267578125, 575.1283569335938, 818.0822143554688, 745.5386962890625, 665.3411254882812, 814.8959350585938, 786.5145263671875, 444.98126220703125, 415.6117248535156, 408.4218444824219, 413.80853271484375, 510.1539306640625, 862.4117431640625, 467.85223388671875, 717.212890625, 579.7685546875, 551.4073486328125, 789.34521484375, 703.8681640625, 357.05999755859375, 384.6473693847656, 392.37298583984375, 296.1496887207031, 359.9718933105469, 1064.1273193359375, 522.756591796875, 535.596435546875, 369.32562255859375, 481.33599853515625, 645.9064331054688, 432.2919616699219, 223.29022216796875, 184.55979919433594, 207.13259887695312, 218.6279296875, 263.3350524902344, 391.3426818847656, 255.94932556152344, 298.8019714355469, 316.7432861328125, 268.0959777832031, 379.5475158691406, 335.26458740234375, 171.21749877929688, 212.5182342529297, 216.70504760742188, 224.21835327148438, 312.7339782714844, 423.0399475097656, 230.3133087158203, 282.4380798339844, 357.00299072265625, 370.1461181640625, 422.0071105957031, 368.24578857421875, 174.27005004882812, 149.5829315185547, 144.39027404785156, 176.22499084472656, 208.20005798339844, 299.5731201171875, 183.60166931152344, 265.6306457519531, 206.09176635742188, 204.79757690429688, 270.91754150390625, 250.32826232910156, 104.56382751464844]","[1962.826171875, 1220.094482421875, 1009.3709716796875, 466.92547607421875, 1690.56640625, 1101.218994140625, 872.0573120117188, 415.8653259277344, 1430.0107421875, 909.1512451171875, 721.71044921875, 294.25994873046875, 1284.921142578125, 793.06640625, 600.3982543945312, 248.93685913085938, 2314.185302734375, 1027.283935546875, 988.0382690429688, 254.04054260253906, 1528.34326171875, 686.43017578125, 611.9859619140625, 178.3572998046875, 1248.090576171875, 804.6763305664062, 597.765625, 245.45120239257812, 1792.15869140625, 934.2286376953125, 756.4669799804688, 228.53768920898438]"
5,8,94,27,5e-06,0.07,False,False,"0    0.044412
1    0.000000
2    0.000000
3    0.000000
4    0.000000
5    0.000000
6    0.000000
7    0.005666
Name: wt_f1, dtype: float64","[7384.83935546875, 7188.94921875, 6944.11181640625, 6838.79931640625, 6637.068359375, 6284.4755859375, 6243.33251953125, 5949.076171875, 5686.640625, 5558.92529296875, 5248.2119140625, 3745.262451171875, 4699.3310546875, 4445.1005859375, 4386.34521484375, 4288.224609375, 4044.706298828125, 3514.1767578125, 3493.12841796875, 3005.11181640625, 2648.365966796875, 2636.386962890625, 2324.7578125, 1460.936767578125, 1617.67578125, 1381.5908203125, 1380.7017822265625, 1470.8643798828125, 1716.98095703125, 1067.9937744140625, 1422.26318359375, 1254.9766845703125, 1120.664306640625, 1327.368896484375, 1262.442626953125, 746.7236328125, 918.5673217773438, 856.9139404296875, 946.9714965820312, 1140.55859375, 1519.1571044921875, 1012.2411499023438, 1280.2833251953125, 1211.693359375, 1013.6819458007812, 1304.5513916015625, 1203.1729736328125, 671.585693359375, 824.84228515625, 780.0239868164062, 865.0758056640625, 1014.1625366210938, 1363.1314697265625, 864.6326904296875, 1169.39208984375, 1056.9462890625, 956.7745971679688, 1128.1702880859375, 1105.898681640625, 647.0569458007812, 761.0643310546875, 718.35498046875, 818.7625732421875, 959.2274780273438, 1302.458984375, 809.6739501953125, 1112.419189453125, 1023.429931640625, 917.3914794921875, 1101.698486328125, 1059.84130859375, 611.6740112304688, 720.5911865234375, 678.4075927734375, 779.66455078125, 913.4282836914062, 1235.916015625, 776.1478881835938, 1053.1253662109375, 993.79833984375, 865.4713134765625, 1055.0272216796875, 986.60693359375, 573.390380859375, 674.7222900390625, 657.5941772460938, 742.11181640625, 862.3674926757812, 1199.653564453125, 749.5743408203125, 1015.7047729492188, 942.7635498046875, 835.7274169921875, 1025.09716796875, 954.0558471679688, 536.427734375]","[4676.61572265625, 4624.85546875, 4777.5859375, 4910.5712890625, 4889.7587890625, 4776.90087890625, 4936.23828125, 4747.609375, 4721.4140625, 4848.63623046875, 4778.9423828125, 3537.473876953125, 1517.734619140625, 1413.902587890625, 1563.093994140625, 1790.5360107421875, 2105.436767578125, 1489.008056640625, 2009.8349609375, 1751.8892822265625, 1715.6273193359375, 1909.8648681640625, 1881.2469482421875, 1227.922119140625, 915.2575073242188, 841.1669921875, 957.7294311523438, 1142.0302734375, 1492.158935546875, 999.0745239257812, 1289.045654296875, 1233.309814453125, 1055.2576904296875, 1332.0450439453125, 1259.3780517578125, 733.2227172851562, 816.8096923828125, 765.1290893554688, 879.0303955078125, 1034.603759765625, 1380.090576171875, 905.1654663085938, 1188.0263671875, 1123.8709716796875, 964.9806518554688, 1222.5987548828125, 1143.458740234375, 660.5139770507812, 736.807861328125, 706.1068115234375, 801.5789794921875, 951.9506225585938, 1283.21142578125, 806.4429321289062, 1114.8900146484375, 1031.9093017578125, 920.2405395507812, 1095.8712158203125, 1068.7275390625, 622.735595703125, 693.2933349609375, 665.407958984375, 762.541748046875, 898.8486938476562, 1226.3045654296875, 770.4830932617188, 1056.98779296875, 985.5115966796875, 872.673095703125, 1058.391845703125, 1010.7545166015625, 584.27685546875, 656.2997436523438, 632.52197265625, 732.4806518554688, 854.794921875, 1179.348388671875, 743.2013549804688, 1006.5020751953125, 946.2634887695312, 830.7994995117188, 1030.9598388671875, 958.7312622070312, 549.491943359375, 622.9740600585938, 602.8876953125, 696.0545043945312, 813.9703979492188, 1127.4979248046875, 707.296630859375, 960.590576171875, 904.1116333007812, 800.5639038085938, 984.803955078125, 914.9385986328125, 524.5513305664062]","[5039.2841796875, 4841.4765625, 4607.29736328125, 1874.6942138671875, 2466.64453125, 1908.0751953125, 1493.0872802734375, 830.3206176757812, 2048.36474609375, 1283.1810302734375, 1042.47021484375, 499.9281921386719, 1904.370361328125, 1205.02587890625, 968.1453857421875, 464.307373046875, 1737.84228515625, 1140.08642578125, 890.5970458984375, 452.768798828125, 1682.4129638671875, 1097.205322265625, 858.86865234375, 428.31585693359375, 1644.985595703125, 1063.586669921875, 834.4615478515625, 404.35906982421875, 1584.6669921875, 1031.1300048828125, 803.982421875, 387.96142578125]"
6,8,94,27,3e-06,0.7,False,False,"0    0.027268
1    0.030162
2    0.026124
3    0.032387
4    0.008879
5    0.001617
6    0.000000
7    0.000000
Name: wt_f1, dtype: float64","[9711.8671875, 9691.1298828125, 9470.3408203125, 9411.0869140625, 9235.5634765625, 9175.7001953125, 9139.291015625, 8918.591796875, 8783.923828125, 8756.12109375, 8611.9677734375, 6465.759765625, 8305.6982421875, 8180.42041015625, 8126.70849609375, 8086.947265625, 7952.640625, 7849.6484375, 7550.80419921875, 7451.56396484375, 7475.3251953125, 7393.93212890625, 7073.39892578125, 5460.39306640625, 6972.3408203125, 6731.62109375, 6850.4951171875, 6605.591796875, 6629.59814453125, 6603.56689453125, 6250.32373046875, 6132.15673828125, 5911.390625, 6070.533203125, 5776.578125, 4325.28955078125, 5645.810546875, 5543.25146484375, 5651.9697265625, 5085.06201171875, 5086.85205078125, 5335.7724609375, 5054.9990234375, 4517.5126953125, 4434.27490234375, 4983.482421875, 4428.8408203125, 3464.80029296875, 4312.75830078125, 4362.76123046875, 4430.98779296875, 4015.140380859375, 3849.014404296875, 4422.90478515625, 3880.654296875, 3601.634765625, 3594.148681640625, 4075.829833984375, 3374.1826171875, 2669.8193359375, 3440.5322265625, 3232.29296875, 3633.57861328125, 3297.188720703125, 3229.536865234375, 3709.1787109375, 3107.672607421875, 2924.795166015625, 2838.16455078125, 3346.106689453125, 2816.8095703125, 2175.107421875, 2886.41845703125, 2608.4951171875, 2930.784912109375, 2731.379638671875, 2809.98095703125, 3133.47119140625, 2676.8896484375, 2483.5634765625, 2273.06787109375, 3021.000732421875, 2395.216552734375, 1913.4248046875, 2279.94677734375, 2231.3125, 2391.266357421875, 2328.05859375, 2404.936767578125, 2482.77734375, 2266.23388671875, 2019.5146484375, 1907.147216796875, 2520.74853515625, 1953.571044921875, 1410.307373046875]","[7824.09814453125, 7877.09619140625, 7732.9873046875, 7836.396484375, 7942.77734375, 7713.294921875, 7909.9052734375, 7985.6357421875, 7962.4814453125, 7725.607421875, 7931.8193359375, 5945.1513671875, 7243.96337890625, 7285.14306640625, 7147.0908203125, 7241.53271484375, 7336.9873046875, 7126.65380859375, 7323.4130859375, 7383.93896484375, 7350.880859375, 7137.46337890625, 7324.74462890625, 5484.30078125, 6659.06396484375, 6690.416015625, 6555.96435546875, 6639.04638671875, 6732.75244140625, 6536.80419921875, 6741.53369140625, 6780.5517578125, 6738.142578125, 6542.662109375, 6714.64892578125, 5022.6044921875, 6060.9208984375, 6083.28369140625, 5959.86376953125, 6020.0986328125, 6124.91845703125, 5938.009765625, 6155.94189453125, 6169.2822265625, 6119.3828125, 5934.91748046875, 6096.18896484375, 4556.14892578125, 5456.37841796875, 5465.25244140625, 5364.15625, 5395.99609375, 5523.12939453125, 5333.498046875, 5576.86767578125, 5556.8505859375, 5504.57958984375, 5320.435546875, 5478.88818359375, 4088.45263671875, 4860.74755859375, 4850.1416015625, 4784.966796875, 4786.34814453125, 4943.185546875, 4737.53369140625, 5017.3466796875, 4958.1884765625, 4908.06640625, 4714.1787109375, 4877.4482421875, 3631.1875, 4265.65673828125, 4226.486328125, 4207.861328125, 4185.2138671875, 4370.7548828125, 4142.61181640625, 4467.37060546875, 4362.779296875, 4318.68994140625, 4116.47216796875, 4282.01171875, 3176.451416015625, 3676.46240234375, 3599.38427734375, 3636.5361328125, 3597.9580078125, 3822.326416015625, 3555.493896484375, 3928.8740234375, 3774.352294921875, 3740.480224609375, 3536.37939453125, 3698.156005859375, 2727.3818359375]","[7954.28662109375, 7918.48095703125, 7878.90234375, 2935.4921875, 7376.8427734375, 7317.1162109375, 7289.60693359375, 2709.854736328125, 6801.724609375, 6714.86181640625, 6695.4267578125, 2484.56982421875, 6226.564453125, 6105.673828125, 6085.95556640625, 2258.537109375, 5661.365234375, 5495.0966796875, 5465.26171875, 2035.8223876953125, 5119.955078125, 4897.767578125, 4846.69189453125, 1821.4088134765625, 4593.494140625, 4305.32861328125, 4220.5576171875, 1611.1978759765625, 4085.4912109375, 3724.158203125, 3597.273193359375, 1406.711181640625]"
7,8,94,27,3e-05,0.05,False,False,"0    0.000000
1    0.000000
2    0.000000
3    0.194674
4    0.367802
5    0.371102
6    0.493115
7    0.483966
Name: wt_f1, dtype: float64","[7795.25341796875, 6176.5859375, 5225.68505859375, 4289.69287109375, 3431.552490234375, 1968.7454833984375, 1655.46240234375, 1265.75830078125, 1099.04150390625, 1608.857666015625, 1413.456298828125, 740.4569091796875, 990.44677734375, 860.1805419921875, 963.5353393554688, 1052.098388671875, 1377.6947021484375, 856.8719482421875, 1165.037109375, 1011.90625, 905.077392578125, 1104.4581298828125, 1010.5673828125, 568.7822875976562, 705.4065551757812, 639.4678955078125, 723.7579345703125, 848.0542602539062, 1162.3179931640625, 684.9336547851562, 989.07568359375, 907.7379760742188, 769.1471557617188, 958.5601196289062, 834.1779174804688, 462.23468017578125, 556.1688232421875, 547.7565307617188, 602.0053100585938, 744.147216796875, 982.7870483398438, 582.9136962890625, 782.9371337890625, 741.871337890625, 625.39794921875, 780.7998046875, 693.6346435546875, 356.933837890625, 434.36090087890625, 458.73748779296875, 468.4390869140625, 599.19189453125, 804.7142333984375, 506.46954345703125, 653.7131958007812, 598.940673828125, 515.2627563476562, 701.1836547851562, 573.0250244140625, 277.09344482421875, 324.1471862792969, 392.52294921875, 433.3448791503906, 496.56365966796875, 655.3858032226562, 517.9978637695312, 678.240234375, 433.69146728515625, 425.60400390625, 716.3135375976562, 620.5382690429688, 243.15086364746094, 294.8036193847656, 293.0267639160156, 324.51177978515625, 394.40643310546875, 575.62353515625, 355.2799072265625, 398.72344970703125, 337.21099853515625, 354.9670104980469, 525.3656005859375, 440.55657958984375, 184.24972534179688, 215.6505126953125, 249.27508544921875, 274.1722412109375, 324.7721862792969, 535.2132568359375, 284.982177734375, 343.1053161621094, 301.9336853027344, 297.5671081542969, 473.5513000488281, 353.0638732910156, 153.32229614257812]","[986.9100952148438, 889.4300537109375, 1040.685791015625, 1202.7332763671875, 1626.826171875, 1095.0828857421875, 1421.20068359375, 1254.7047119140625, 1038.779052734375, 1457.66357421875, 1288.2734375, 703.5314331054688, 675.4869384765625, 640.5669555664062, 715.7866821289062, 857.13671875, 1165.8226318359375, 713.204833984375, 1019.5772705078125, 927.27880859375, 818.410400390625, 1014.8460693359375, 954.6325073242188, 540.5555419921875, 547.929443359375, 531.50341796875, 617.257080078125, 722.5699462890625, 1028.3509521484375, 604.3182373046875, 863.745361328125, 807.3765258789062, 689.4151611328125, 878.0484008789062, 788.177001953125, 439.1133117675781, 418.4524841308594, 462.6564025878906, 486.08905029296875, 580.2464599609375, 820.7330322265625, 509.3922424316406, 661.7193603515625, 607.8662109375, 544.7632446289062, 710.974365234375, 624.6187744140625, 328.3165283203125, 303.9072265625, 345.614990234375, 391.6142272949219, 497.6645202636719, 748.6458740234375, 403.99273681640625, 485.1233215332031, 460.6145935058594, 454.7908935546875, 626.1167602539062, 532.3424072265625, 250.16639709472656, 273.7774658203125, 275.7301330566406, 316.400634765625, 402.80426025390625, 626.4035034179688, 357.0625915527344, 440.4505310058594, 382.11700439453125, 376.76190185546875, 549.9132690429688, 477.28643798828125, 224.65440368652344, 206.94837951660156, 218.29940795898438, 240.97088623046875, 328.74957275390625, 553.0401000976562, 325.4197998046875, 369.0848388671875, 278.18780517578125, 322.56915283203125, 476.14117431640625, 398.66668701171875, 165.54905700683594, 182.8355255126953, 171.37283325195312, 190.99160766601562, 266.2544250488281, 546.244140625, 275.0399475097656, 343.848876953125, 276.1452331542969, 281.4179382324219, 424.5926513671875, 320.54949951171875, 138.84197998046875]","[2232.044189453125, 1383.906494140625, 1189.82470703125, 493.17327880859375, 1606.560791015625, 1045.1875, 844.7982177734375, 388.041259765625, 1495.9232177734375, 938.70556640625, 744.4149169921875, 321.1986083984375, 1291.21240234375, 802.0173950195312, 585.799560546875, 267.0577087402344, 1206.2862548828125, 695.0025634765625, 561.5473022460938, 215.33432006835938, 1141.83984375, 613.4874267578125, 516.7994995117188, 185.32318115234375, 1289.50634765625, 607.7598876953125, 573.0263671875, 160.33303833007812, 1252.7864990234375, 596.6650390625, 551.0079956054688, 159.0345001220703]"
8,8,94,27,0.0003,0.04,False,False,"0    0.0
1    0.0
2    0.0
3    0.0
4    0.0
5    0.0
6    0.0
7    0.0
Name: wt_f1, dtype: float64","[6564.251953125, 1763.7042236328125, 1191.81689453125, 2236.345458984375, 2226.905029296875, 1438.450439453125, 1498.27294921875, 1352.561767578125, 1133.114501953125, 1559.290283203125, 1388.0830078125, 777.9375610351562, 1065.36474609375, 996.2901611328125, 1092.5152587890625, 1266.94189453125, 1711.4765625, 1178.7227783203125, 1483.3828125, 1336.2161865234375, 1136.6025390625, 1520.876708984375, 1386.202392578125, 777.4029541015625, 1077.4993896484375, 975.6527099609375, 1098.35546875, 1264.7845458984375, 1770.77685546875, 1189.7603759765625, 1503.6773681640625, 1329.6175537109375, 1106.6490478515625, 1521.3564453125, 1390.5196533203125, 801.0669555664062, 1093.4468994140625, 990.319091796875, 1101.94970703125, 1247.0965576171875, 1752.9287109375, 1185.37646484375, 1511.781494140625, 1331.286865234375, 1106.2313232421875, 1533.5692138671875, 1356.782470703125, 781.1481323242188, 1082.8369140625, 1019.939697265625, 1100.244873046875, 1257.9971923828125, 1681.7698974609375, 1178.269775390625, 1491.2650146484375, 1330.10791015625, 1100.0859375, 1538.10400390625, 1362.030517578125, 770.4894409179688, 1063.0283203125, 998.2230224609375, 1090.26953125, 1240.2186279296875, 1686.93115234375, 1172.0615234375, 1476.84326171875, 1317.1435546875, 1091.91552734375, 1519.1529541015625, 1357.922607421875, 771.4846801757812, 1068.0107421875, 993.893798828125, 1089.5980224609375, 1248.3641357421875, 1735.6025390625, 1177.8272705078125, 1498.628173828125, 1323.2838134765625, 1099.4273681640625, 1509.808349609375, 1364.487548828125, 781.9797973632812, 1081.4853515625, 1000.0900268554688, 1088.813232421875, 1239.2481689453125, 1722.54150390625, 1170.2227783203125, 1509.048828125, 1321.2010498046875, 1096.5921630859375, 1528.857421875, 1358.357666015625, 767.1211547851562]","[1050.7672119140625, 991.76123046875, 1085.10693359375, 1230.4832763671875, 1652.894287109375, 1165.822265625, 1459.827392578125, 1313.7987060546875, 1095.256103515625, 1512.8114013671875, 1349.9190673828125, 760.957275390625, 1050.8189697265625, 976.7442626953125, 1087.963134765625, 1230.2559814453125, 1659.971923828125, 1167.976318359375, 1472.7021484375, 1307.65478515625, 1088.9215087890625, 1509.66748046875, 1360.9052734375, 757.9579467773438, 1067.8837890625, 1002.7503051757812, 1105.148681640625, 1236.7392578125, 1644.24462890625, 1179.336181640625, 1466.2978515625, 1313.8316650390625, 1106.4952392578125, 1504.14453125, 1361.536376953125, 774.4154663085938, 1068.88623046875, 1006.9093627929688, 1102.4432373046875, 1239.7247314453125, 1642.9503173828125, 1178.773681640625, 1462.1668701171875, 1315.777099609375, 1108.2822265625, 1505.3924560546875, 1356.1495361328125, 774.3368530273438, 1053.93896484375, 987.5836181640625, 1088.5545654296875, 1230.894775390625, 1651.175048828125, 1167.850830078125, 1464.967529296875, 1310.69189453125, 1093.31201171875, 1507.670654296875, 1353.3841552734375, 761.0743408203125, 1054.5030517578125, 988.6115112304688, 1089.78955078125, 1232.4532470703125, 1651.290283203125, 1169.0361328125, 1464.6826171875, 1309.4090576171875, 1094.5064697265625, 1505.67333984375, 1353.07373046875, 761.9196166992188, 1067.80419921875, 1004.7691650390625, 1101.796142578125, 1238.35986328125, 1642.7786865234375, 1177.86181640625, 1463.122802734375, 1314.793212890625, 1106.4229736328125, 1504.2532958984375, 1356.1361083984375, 773.1329345703125, 1060.937744140625, 996.4016723632812, 1095.0224609375, 1235.029541015625, 1645.978515625, 1172.847412109375, 1462.93896484375, 1311.7181396484375, 1100.0216064453125, 1504.4732666015625, 1353.6805419921875, 767.161376953125]","[2196.34326171875, 1429.6864013671875, 1226.5706787109375, 534.4937133789062, 2214.106689453125, 1452.0869140625, 1232.276611328125, 532.848876953125, 2168.806640625, 1447.428955078125, 1240.0006103515625, 530.1801147460938, 2162.20703125, 1435.58056640625, 1237.7484130859375, 533.6007080078125, 2196.833251953125, 1436.67138671875, 1229.2926025390625, 532.2518310546875, 2189.548828125, 1435.414306640625, 1230.6005859375, 532.4901733398438, 2165.445556640625, 1436.274169921875, 1237.104248046875, 532.2213745117188, 2176.39013671875, 1434.5386962890625, 1233.04931640625, 532.4652709960938]"
9,8,94,27,2e-05,0.1,False,False,"0    0.000000
1    0.000000
2    0.000000
3    0.059716
4    0.202386
5    0.315629
6    0.443556
7    0.493079
Name: wt_f1, dtype: float64","[8053.0625, 7106.73828125, 6228.041015625, 5472.35498046875, 4381.43994140625, 3360.3271484375, 2546.544677734375, 1756.48388671875, 1291.720458984375, 1453.52294921875, 1329.5927734375, 750.51513671875, 1071.3087158203125, 963.381591796875, 1129.7117919921875, 1262.845947265625, 1764.927978515625, 1076.96484375, 1351.908447265625, 1145.3267822265625, 1057.173828125, 1272.0614013671875, 1178.0872802734375, 648.3587646484375, 814.7000122070312, 747.3343505859375, 833.9874267578125, 963.677978515625, 1301.235595703125, 808.189453125, 1103.407958984375, 981.5230712890625, 867.6840209960938, 1050.3385009765625, 1007.073486328125, 569.1021728515625, 690.69775390625, 639.5791015625, 715.8491821289062, 844.0858154296875, 1157.3525390625, 689.8387451171875, 957.2406005859375, 894.7216796875, 792.075439453125, 952.2335815429688, 867.16650390625, 473.85479736328125, 582.4420776367188, 542.435546875, 631.8638305664062, 730.8690185546875, 1021.4367065429688, 595.0300903320312, 830.2222290039062, 768.0592041015625, 712.655029296875, 830.286376953125, 774.0818481445312, 396.258544921875, 498.27996826171875, 502.909912109375, 561.0308227539062, 633.7632446289062, 882.1261596679688, 520.1410522460938, 716.4826049804688, 646.4697265625, 568.5325927734375, 718.4718017578125, 666.90380859375, 314.9929504394531, 395.20904541015625, 406.8309631347656, 440.03631591796875, 539.25244140625, 767.20849609375, 435.38671875, 570.6129760742188, 508.7861328125, 467.4869689941406, 623.8906860351562, 552.4307250976562, 269.88140869140625, 311.5274963378906, 323.67706298828125, 384.1314697265625, 449.85650634765625, 613.0262451171875, 383.4878845214844, 448.2245788574219, 388.16107177734375, 420.5211486816406, 570.6497192382812, 467.8654479980469, 226.35472106933594]","[1085.5556640625, 945.7228393554688, 1132.089111328125, 1274.2568359375, 1833.5103759765625, 1211.12353515625, 1577.9354248046875, 1379.57763671875, 1129.874267578125, 1627.30615234375, 1444.2447509765625, 770.2496337890625, 773.3528442382812, 725.4786987304688, 809.6444091796875, 942.0120849609375, 1325.7149658203125, 831.4886474609375, 1148.100341796875, 1014.2986450195312, 886.5951538085938, 1124.6856689453125, 1064.26416015625, 589.561279296875, 653.1441040039062, 611.21826171875, 703.1729125976562, 826.9605712890625, 1161.99951171875, 700.6968994140625, 988.6344604492188, 904.072998046875, 811.692626953125, 995.9373779296875, 934.4824829101562, 530.5316162109375, 556.6719970703125, 524.8720703125, 621.0142822265625, 726.2482299804688, 1041.9615478515625, 604.4413452148438, 860.1094970703125, 809.517333984375, 720.3497924804688, 907.8641357421875, 808.1451416015625, 449.8599853515625, 476.928466796875, 479.62078857421875, 559.9232788085938, 643.2232666015625, 938.3675537109375, 538.3342895507812, 770.1820068359375, 702.2860717773438, 628.6099853515625, 784.9432373046875, 722.4019775390625, 376.76239013671875, 359.9819641113281, 387.744384765625, 449.177490234375, 524.1735229492188, 737.1064453125, 443.8424072265625, 599.83837890625, 532.85400390625, 516.4376831054688, 659.777099609375, 607.6514282226562, 285.5550231933594, 278.98284912109375, 305.0776672363281, 334.1061706542969, 418.7358093261719, 606.0321655273438, 350.6946105957031, 423.4127197265625, 397.2232971191406, 414.1141052246094, 578.1063232421875, 478.4378662109375, 235.26556396484375, 260.0994873046875, 278.3197326660156, 295.14923095703125, 382.8554382324219, 541.5604248046875, 312.2657775878906, 367.1746826171875, 341.0395812988281, 385.5091247558594, 554.4183959960938, 416.0078430175781, 225.17642211914062]","[2468.475830078125, 1524.2401123046875, 1297.3280029296875, 571.373779296875, 1769.8662109375, 1154.10693359375, 936.4118041992188, 435.094970703125, 1583.425537109375, 1046.614013671875, 828.8379516601562, 385.38043212890625, 1497.1771240234375, 967.6011352539062, 770.7322387695312, 321.2448425292969, 1441.6685791015625, 898.3724365234375, 705.6064453125, 261.32354736328125, 1244.26806640625, 775.7106323242188, 579.3035888671875, 207.488525390625, 1132.4443359375, 664.355224609375, 495.9101257324219, 164.40187072753906, 1082.61083984375, 636.3361206054688, 468.9555358886719, 127.90422821044922]"
10,8,94,27,7e-05,0.03,False,False,"0    0.000000
1    0.192126
2    0.472779
3    0.515584
4    0.486712
5    0.533621
6    0.480919
7    0.571526
Name: wt_f1, dtype: float64","[7976.98828125, 5098.583984375, 2262.010498046875, 1140.3779296875, 1778.1881103515625, 1014.8995361328125, 1192.864990234375, 1084.858642578125, 915.16943359375, 1083.4888916015625, 1029.425048828125, 570.6323852539062, 677.0972290039062, 653.6987915039062, 690.09912109375, 789.23046875, 1110.4091796875, 644.1942749023438, 886.9488525390625, 828.5194091796875, 711.8128662109375, 921.4423828125, 762.2144775390625, 407.92974853515625, 481.4651184082031, 485.3477783203125, 512.052978515625, 623.0743408203125, 853.6466064453125, 475.9802551269531, 608.3394775390625, 544.6160278320312, 503.9231872558594, 662.952880859375, 601.10009765625, 238.28973388671875, 285.1026611328125, 320.04974365234375, 320.88214111328125, 443.68975830078125, 633.802978515625, 358.1673889160156, 387.80694580078125, 402.86285400390625, 362.8290100097656, 535.68017578125, 435.4553527832031, 179.63583374023438, 219.52955627441406, 223.2437286376953, 232.82679748535156, 309.43212890625, 505.3679504394531, 279.1204833984375, 303.72430419921875, 304.8568420410156, 310.538818359375, 449.3287048339844, 348.5600891113281, 151.11770629882812, 180.33213806152344, 329.439697265625, 185.34072875976562, 376.7895812988281, 597.9544677734375, 230.09762573242188, 390.7972106933594, 382.5142517089844, 309.0127868652344, 434.88623046875, 348.927001953125, 241.41285705566406, 219.53054809570312, 183.05258178710938, 206.17279052734375, 263.9068908691406, 547.0664672851562, 241.51266479492188, 439.67138671875, 294.06927490234375, 254.81752014160156, 335.2784423828125, 296.40545654296875, 158.23739624023438, 139.32066345214844, 188.9705047607422, 187.6406707763672, 188.12940979003906, 356.0047607421875, 180.08436584472656, 194.82980346679688, 189.86184692382812, 192.1859588623047, 261.493408203125, 178.23391723632812, 100.49859619140625]","[659.8510131835938, 664.4031372070312, 758.2391357421875, 861.435302734375, 1157.6181640625, 731.0409545898438, 987.3585205078125, 915.5079345703125, 807.5889892578125, 1027.0443115234375, 941.5811767578125, 530.924072265625, 466.2557678222656, 482.8092041015625, 508.40240478515625, 629.8336791992188, 927.1822509765625, 539.517333984375, 716.3550415039062, 662.218505859375, 630.2578735351562, 773.1190185546875, 720.383056640625, 386.7508850097656, 284.6463317871094, 309.2209777832031, 334.0989990234375, 445.8047180175781, 664.2645874023438, 386.1707458496094, 478.53076171875, 378.349609375, 408.394287109375, 654.9979858398438, 512.8563232421875, 236.7113800048828, 206.958251953125, 212.37109375, 214.18417358398438, 332.84814453125, 503.3365478515625, 271.01654052734375, 326.375, 271.3847351074219, 288.0185241699219, 459.547119140625, 372.5382080078125, 170.9810791015625, 161.16189575195312, 281.98248291015625, 201.8127899169922, 267.25775146484375, 428.6081237792969, 193.92625427246094, 241.6885986328125, 223.36175537109375, 244.93370056152344, 367.0805358886719, 287.2813720703125, 134.10108947753906, 233.748779296875, 205.37088012695312, 179.56248474121094, 187.66871643066406, 414.70635986328125, 228.21917724609375, 340.2784729003906, 316.2662658691406, 282.9053649902344, 354.79302978515625, 271.5049743652344, 183.22622680664062, 128.3441925048828, 178.2320556640625, 180.39373779296875, 198.369873046875, 383.3748474121094, 229.37599182128906, 220.03897094726562, 218.57916259765625, 208.34014892578125, 297.89593505859375, 257.5193176269531, 133.28692626953125, 103.21000671386719, 93.6199722290039, 84.44996643066406, 109.40969848632812, 259.67083740234375, 120.510498046875, 140.52589416503906, 140.65325927734375, 138.326904296875, 195.58734130859375, 144.1109619140625, 86.91439819335938]","[1645.263916015625, 1036.2999267578125, 850.4165649414062, 381.54461669921875, 1316.46875, 889.5034790039062, 649.2133178710938, 274.9308166503906, 1110.5067138671875, 642.5813598632812, 494.01141357421875, 184.092529296875, 1192.5574951171875, 506.41265869140625, 478.0081787109375, 172.47390747070312, 1305.5145263671875, 621.7924194335938, 550.8174438476562, 207.04783630371094, 1189.61328125, 658.8594360351562, 519.9014892578125, 151.38145446777344, 1293.602294921875, 602.701904296875, 546.2885131835938, 176.92919921875, 1543.2611083984375, 682.9326171875, 663.8673095703125, 157.1820068359375]"
11,8,94,27,0.0009,0.09,False,False,"0    0.0
1    0.0
2    0.0
3    0.0
4    0.0
5    0.0
6    0.0
7    0.0
Name: wt_f1, dtype: float64","[7329.6484375, 1079.01611328125, 2461.0908203125, 1430.971435546875, 1877.3568115234375, 1251.2452392578125, 1673.7415771484375, 1434.158447265625, 1167.0343017578125, 1585.4840087890625, 1427.8375244140625, 794.16552734375, 1120.9830322265625, 1023.86865234375, 1160.3740234375, 1280.588623046875, 1756.735595703125, 1260.5087890625, 1535.206787109375, 1355.508544921875, 1113.7489013671875, 1604.438232421875, 1395.7864990234375, 761.49267578125, 1078.037841796875, 1024.8333740234375, 1094.3720703125, 1264.3077392578125, 1707.710205078125, 1180.4390869140625, 1474.53369140625, 1338.168701171875, 1126.73291015625, 1534.0634765625, 1367.581787109375, 763.1417846679688, 1050.6561279296875, 981.4352416992188, 1096.7515869140625, 1249.209228515625, 1700.670654296875, 1188.6217041015625, 1486.68798828125, 1347.327880859375, 1115.4140625, 1542.541259765625, 1375.9114990234375, 752.7030639648438, 1043.8106689453125, 986.6171875, 1091.2457275390625, 1257.810546875, 1699.50927734375, 1175.1588134765625, 1477.75830078125, 1336.7413330078125, 1132.4232177734375, 1527.4364013671875, 1361.015625, 746.896484375, 1053.24755859375, 975.5872802734375, 1093.3775634765625, 1266.2701416015625, 1734.4178466796875, 1165.81689453125, 1486.610107421875, 1336.1162109375, 1155.3516845703125, 1515.76806640625, 1357.379150390625, 756.7772827148438, 1052.8984375, 979.5441284179688, 1106.140625, 1286.8212890625, 1753.73193359375, 1178.164794921875, 1483.4139404296875, 1330.1212158203125, 1156.831298828125, 1523.20458984375, 1371.6895751953125, 767.5625, 1048.1737060546875, 978.8068237304688, 1099.3343505859375, 1297.34765625, 1789.217529296875, 1191.68798828125, 1487.49658203125, 1322.7069091796875, 1130.5408935546875, 1524.7777099609375, 1383.712646484375, 788.2183837890625]","[1051.314453125, 980.72705078125, 1097.7154541015625, 1249.7022705078125, 1734.622314453125, 1183.441650390625, 1525.9427490234375, 1348.4136962890625, 1098.329833984375, 1570.507568359375, 1398.09619140625, 758.0476684570312, 1046.087890625, 975.8782348632812, 1079.1834716796875, 1232.2789306640625, 1671.6558837890625, 1164.4425048828125, 1471.6055908203125, 1315.7745361328125, 1088.638671875, 1526.346923828125, 1359.7559814453125, 754.0601196289062, 1045.03515625, 974.7341918945312, 1085.875732421875, 1244.24072265625, 1707.990234375, 1172.9874267578125, 1504.350341796875, 1327.5888671875, 1088.599853515625, 1539.9080810546875, 1372.4378662109375, 750.59716796875, 1042.36328125, 979.2457885742188, 1085.83349609375, 1249.4306640625, 1725.622314453125, 1175.4273681640625, 1508.79736328125, 1336.8681640625, 1093.9661865234375, 1556.6248779296875, 1377.769775390625, 751.6504516601562, 1048.361083984375, 973.329833984375, 1083.460205078125, 1250.404296875, 1718.42138671875, 1175.226318359375, 1508.1611328125, 1335.0216064453125, 1091.265380859375, 1554.9237060546875, 1378.641357421875, 750.8563232421875, 1048.6707763671875, 971.0379028320312, 1082.710693359375, 1252.811767578125, 1720.633056640625, 1175.9342041015625, 1508.9644775390625, 1333.454833984375, 1091.0216064453125, 1554.590087890625, 1379.107666015625, 750.20263671875, 1044.82177734375, 971.38916015625, 1079.55517578125, 1242.5487060546875, 1699.007080078125, 1169.1202392578125, 1493.298828125, 1323.5540771484375, 1087.10888671875, 1538.3349609375, 1367.457763671875, 749.3897094726562, 1050.0589599609375, 981.9007568359375, 1083.783203125, 1231.9925537109375, 1658.06201171875, 1165.7569580078125, 1468.091064453125, 1310.1761474609375, 1089.438720703125, 1510.014404296875, 1352.311279296875, 756.4654541015625]","[2366.76708984375, 1496.4561767578125, 1254.557861328125, 542.8001708984375, 2240.0849609375, 1448.62255859375, 1228.45263671875, 542.0660400390625, 2304.035888671875, 1456.80859375, 1240.8453369140625, 538.8439331054688, 2325.41259765625, 1462.176513671875, 1244.697021484375, 545.573974609375, 2325.28955078125, 1465.3455810546875, 1243.0601806640625, 549.4437866210938, 2323.23046875, 1465.65771484375, 1244.094970703125, 551.9519653320312, 2287.392333984375, 1452.413330078125, 1235.571044921875, 544.7415161132812, 2209.8994140625, 1434.0018310546875, 1227.9036865234375, 534.2831420898438]"
12,8,94,27,0.0004,0.02,False,False,"0    0.0
1    0.0
2    0.0
3    0.0
4    0.0
5    0.0
6    0.0
7    0.0
Name: wt_f1, dtype: float64","[8495.06640625, 1979.1473388671875, 1365.888427734375, 6657.9697265625, 1964.29443359375, 3257.06591796875, 1755.25634765625, 1407.152587890625, 1123.17919921875, 1554.0872802734375, 1395.36328125, 772.513427734375, 1070.5850830078125, 998.9096069335938, 1095.736083984375, 1252.0775146484375, 1728.06494140625, 1173.3104248046875, 1493.842041015625, 1341.7186279296875, 1088.564453125, 1546.98828125, 1391.5384521484375, 781.06103515625, 1061.2327880859375, 1009.5968017578125, 1117.885009765625, 1255.161376953125, 1669.702880859375, 1179.9078369140625, 1479.632568359375, 1341.673828125, 1113.2552490234375, 1533.3243408203125, 1373.983642578125, 764.1839599609375, 1069.347412109375, 1000.3308715820312, 1095.02978515625, 1249.8873291015625, 1694.5106201171875, 1164.564697265625, 1494.843017578125, 1336.6104736328125, 1099.9981689453125, 1509.6212158203125, 1375.591552734375, 758.3296508789062, 1056.2608642578125, 996.06005859375, 1103.5615234375, 1240.132568359375, 1683.400146484375, 1170.6845703125, 1496.8212890625, 1317.703125, 1095.9678955078125, 1513.97900390625, 1377.97265625, 760.2250366210938, 1065.6396484375, 989.2110595703125, 1085.3902587890625, 1236.26806640625, 1698.09033203125, 1182.4359130859375, 1481.998779296875, 1323.143798828125, 1092.5977783203125, 1523.387939453125, 1359.8968505859375, 775.8616333007812, 1071.97314453125, 1004.7511596679688, 1101.90478515625, 1247.615478515625, 1679.5787353515625, 1185.0172119140625, 1487.88232421875, 1333.739990234375, 1107.5076904296875, 1518.976806640625, 1360.060546875, 759.979248046875, 1052.571044921875, 995.1461791992188, 1092.1781005859375, 1239.2508544921875, 1691.448486328125, 1184.276611328125, 1479.19091796875, 1328.853515625, 1110.8150634765625, 1530.699951171875, 1367.0997314453125, 773.5409545898438]","[1050.6201171875, 983.0577392578125, 1082.4217529296875, 1263.08935546875, 1729.955078125, 1179.12744140625, 1509.7742919921875, 1342.2296142578125, 1097.8997802734375, 1562.930419921875, 1373.218505859375, 751.7390747070312, 1052.9189453125, 990.51025390625, 1086.4644775390625, 1229.9891357421875, 1651.68115234375, 1166.2230224609375, 1463.478271484375, 1314.7744140625, 1093.6956787109375, 1512.172119140625, 1351.2247314453125, 760.546875, 1047.5511474609375, 980.3245849609375, 1085.108154296875, 1228.1373291015625, 1661.65478515625, 1165.2130126953125, 1471.2220458984375, 1312.287109375, 1088.6375732421875, 1514.428466796875, 1357.314208984375, 756.4998779296875, 1049.565185546875, 980.63232421875, 1086.7628173828125, 1229.781494140625, 1658.124267578125, 1166.6876220703125, 1469.247314453125, 1308.640869140625, 1089.7799072265625, 1509.101806640625, 1356.4893798828125, 757.917724609375, 1048.412353515625, 981.009521484375, 1084.89990234375, 1230.4752197265625, 1659.234619140625, 1165.85498046875, 1467.8984375, 1309.015869140625, 1089.751220703125, 1510.1510009765625, 1354.55419921875, 757.065185546875, 1049.38720703125, 984.7372436523438, 1085.567138671875, 1230.090576171875, 1656.2117919921875, 1165.8560791015625, 1465.521728515625, 1310.2196044921875, 1091.3115234375, 1509.662109375, 1352.734619140625, 758.3797607421875, 1050.371337890625, 984.9816284179688, 1085.656494140625, 1230.38720703125, 1655.14794921875, 1166.023193359375, 1465.322265625, 1310.00830078125, 1091.494873046875, 1508.545654296875, 1352.614990234375, 758.597412109375, 1052.884521484375, 987.717529296875, 1088.4403076171875, 1231.325927734375, 1652.272216796875, 1167.846435546875, 1464.630126953125, 1309.90283203125, 1093.4859619140625, 1507.017578125, 1352.7196044921875, 760.8656005859375]","[2323.863525390625, 1446.2081298828125, 1245.4151611328125, 557.6248168945312, 2204.5400390625, 1432.1163330078125, 1226.7994384765625, 532.687744140625, 2224.80615234375, 1444.8206787109375, 1228.7720947265625, 531.7692260742188, 2208.98486328125, 1443.490966796875, 1230.1065673828125, 532.1879272460938, 2208.6279296875, 1439.5572509765625, 1229.0343017578125, 533.6187133789062, 2203.739501953125, 1435.930419921875, 1228.2242431640625, 532.8665771484375, 2201.94189453125, 1435.4085693359375, 1228.194580078125, 532.919921875, 2194.183349609375, 1435.287109375, 1229.5447998046875, 532.3294067382812]"
13,8,94,27,1e-05,0.08,False,False,"0    0.000000
1    0.000000
2    0.000000
3    0.000000
4    0.001901
5    0.028856
6    0.177841
7    0.233200
Name: wt_f1, dtype: float64","[8485.326171875, 7938.998046875, 7448.36572265625, 7000.5947265625, 6596.1328125, 5808.12646484375, 5473.20068359375, 4615.8466796875, 3969.40673828125, 3354.5576171875, 2707.366455078125, 1516.697021484375, 1458.885498046875, 1145.34912109375, 1107.523681640625, 1220.8671875, 1522.8665771484375, 984.4445190429688, 1293.557373046875, 1246.06005859375, 1048.032470703125, 1435.0687255859375, 1259.1578369140625, 697.698486328125, 927.9381713867188, 777.17724609375, 924.3234252929688, 1036.29638671875, 1413.395751953125, 874.8607177734375, 1178.3397216796875, 1070.16943359375, 934.2532958984375, 1166.7803955078125, 1091.53564453125, 618.9201049804688, 760.6239013671875, 682.2655639648438, 781.5552368164062, 917.5892333984375, 1235.5206298828125, 754.4454345703125, 1072.164306640625, 986.051513671875, 867.3297729492188, 1063.874267578125, 981.6220092773438, 554.8817138671875, 670.027587890625, 620.65478515625, 718.955810546875, 848.4555053710938, 1155.2835693359375, 695.0924072265625, 980.98681640625, 916.7845458984375, 801.489501953125, 987.3606567382812, 899.4400024414062, 517.9671630859375, 605.7244873046875, 574.7149658203125, 662.9576416015625, 789.4939575195312, 1067.75927734375, 654.907470703125, 919.7279663085938, 857.3074951171875, 754.5042114257812, 916.9902954101562, 842.3300170898438, 464.69049072265625, 557.30224609375, 535.0172119140625, 621.80712890625, 728.6190185546875, 1008.4837036132812, 605.1387939453125, 847.2741088867188, 780.6256713867188, 689.9051513671875, 852.4845581054688, 772.1351318359375, 426.9725341796875, 505.5745849609375, 498.0386962890625, 580.0958862304688, 668.7427368164062, 952.2223510742188, 536.7048950195312, 782.0798950195312, 717.4827880859375, 642.7664794921875, 778.3363037109375, 711.656982421875, 374.7525634765625]","[1331.430908203125, 1235.896240234375, 1308.8939208984375, 1638.2125244140625, 2051.177734375, 1266.321044921875, 1879.18310546875, 1662.75732421875, 1675.59375, 1772.8841552734375, 1816.5269775390625, 1126.7900390625, 916.1400756835938, 781.1770629882812, 963.1716918945312, 1086.1383056640625, 1525.7657470703125, 988.19140625, 1306.5185546875, 1224.7406005859375, 1013.994140625, 1411.043701171875, 1224.4761962890625, 677.7398071289062, 714.4307250976562, 650.8834838867188, 761.6178588867188, 906.693359375, 1238.2701416015625, 764.288330078125, 1083.579345703125, 995.6893310546875, 888.2899169921875, 1079.9979248046875, 1031.741455078125, 584.91015625, 647.0186767578125, 600.4327392578125, 710.2684326171875, 840.2623291015625, 1153.47900390625, 710.7943115234375, 988.1331787109375, 935.11474609375, 823.3862915039062, 1028.528076171875, 934.2967529296875, 534.0775756835938, 585.274169921875, 552.295654296875, 646.166748046875, 770.9481811523438, 1073.1693115234375, 647.40966796875, 913.5965576171875, 863.611572265625, 764.7752685546875, 942.643310546875, 862.4911499023438, 490.55340576171875, 533.8135986328125, 514.0303955078125, 603.5496215820312, 708.677001953125, 1003.458251953125, 594.724365234375, 845.3858642578125, 798.9202880859375, 698.54296875, 870.9645385742188, 791.41650390625, 445.50006103515625, 486.9276428222656, 482.6802062988281, 557.12158203125, 649.6439819335938, 926.4521484375, 543.9730224609375, 775.5521850585938, 731.4241333007812, 641.4910888671875, 797.4765014648438, 727.8461303710938, 402.8373107910156, 437.6253356933594, 453.28533935546875, 511.0291442871094, 589.2720336914062, 844.8026733398438, 502.422607421875, 699.9467163085938, 656.7069091796875, 578.0552978515625, 729.0703125, 662.9290771484375, 356.6498718261719]","[2413.41796875, 1825.41162109375, 1398.1585693359375, 823.7890625, 2124.228759765625, 1310.341796875, 1093.2554931640625, 468.5382385253906, 1667.259765625, 1114.0244140625, 884.7020263671875, 438.91192626953125, 1610.8916015625, 1053.752197265625, 837.781982421875, 398.25933837890625, 1522.1785888671875, 992.7415771484375, 788.2478637695312, 365.7144470214844, 1455.3431396484375, 941.3995971679688, 748.81494140625, 324.1051025390625, 1386.2197265625, 892.4013061523438, 703.3724365234375, 282.93804931640625, 1334.6358642578125, 833.4054565429688, 653.890625, 246.14892578125]"
14,8,94,27,8e-06,0.01,False,False,"0    0.001703
1    0.000000
2    0.000000
3    0.000000
4    0.000000
5    0.000000
6    0.000000
7    0.029031
Name: wt_f1, dtype: float64","[8261.7275390625, 8000.29736328125, 7567.22900390625, 7279.7177734375, 6878.9091796875, 6630.43359375, 6164.8095703125, 5621.69140625, 5165.314453125, 4861.443359375, 4166.99560546875, 2640.609619140625, 2864.6376953125, 2401.310791015625, 2079.6064453125, 2043.4515380859375, 2187.12158203125, 1404.43017578125, 1711.91259765625, 1410.7080078125, 1217.1466064453125, 1300.2581787109375, 1298.89501953125, 708.9073486328125, 910.3369140625, 769.94189453125, 931.7933349609375, 1060.8404541015625, 1601.0303955078125, 984.2569580078125, 1320.970703125, 1165.857421875, 936.5123901367188, 1284.730712890625, 1139.7869873046875, 625.5126953125, 808.8884887695312, 692.5150146484375, 821.2891845703125, 935.4656982421875, 1367.9805908203125, 814.62939453125, 1120.34375, 1002.6870727539062, 864.7708740234375, 1071.1712646484375, 1024.355224609375, 573.580810546875, 716.5865478515625, 641.3316040039062, 736.1864624023438, 875.3980102539062, 1246.4757080078125, 737.2598876953125, 1045.1695556640625, 918.5206298828125, 823.328857421875, 999.5245971679688, 940.4500732421875, 522.0868530273438, 647.4768676757812, 590.8478393554688, 693.0343017578125, 807.0433349609375, 1164.56201171875, 692.304931640625, 959.3550415039062, 871.4764404296875, 756.2924194335938, 958.2267456054688, 877.0667724609375, 484.86932373046875, 600.5274047851562, 554.26220703125, 652.0408325195312, 760.6629638671875, 1103.8173828125, 647.2930297851562, 897.4734497070312, 813.60986328125, 720.364013671875, 886.98095703125, 819.4448852539062, 453.8323669433594, 557.78076171875, 526.2649536132812, 604.4986572265625, 716.92626953125, 1021.0048828125, 600.42041015625, 838.192626953125, 762.811279296875, 665.7945556640625, 843.0592041015625, 765.9827270507812, 423.4394226074219]","[2799.35791015625, 2830.045654296875, 2876.775634765625, 3256.17578125, 3376.3291015625, 2927.55078125, 3252.26904296875, 3017.6083984375, 2994.17041015625, 3198.80126953125, 3085.1904296875, 2189.28369140625, 914.5521240234375, 779.6201782226562, 933.2025756835938, 1073.611083984375, 1565.731201171875, 964.0823974609375, 1323.7637939453125, 1185.658935546875, 995.43408203125, 1264.923828125, 1224.44677734375, 688.7515869140625, 804.5679931640625, 690.5188598632812, 839.4403686523438, 972.4453125, 1445.4505615234375, 878.9286499023438, 1200.5697021484375, 1084.0191650390625, 893.4674682617188, 1211.861572265625, 1105.514404296875, 609.1835327148438, 705.4430541992188, 639.030517578125, 739.2548828125, 880.8499145507812, 1263.2069091796875, 754.1669311523438, 1068.2208251953125, 965.6212158203125, 850.7678833007812, 1041.464111328125, 1002.685302734375, 566.8673706054688, 641.8967895507812, 592.548828125, 689.782470703125, 817.807373046875, 1179.6343994140625, 701.4332275390625, 986.509521484375, 895.4780883789062, 787.8876953125, 982.41748046875, 918.5276489257812, 518.2312622070312, 590.1580810546875, 554.310791015625, 650.8840942382812, 764.6874389648438, 1112.3685302734375, 657.475830078125, 920.3975830078125, 837.6641235351562, 733.6817626953125, 930.8040771484375, 852.7393798828125, 478.4759521484375, 548.2896728515625, 518.9801635742188, 606.09765625, 716.785400390625, 1035.8743896484375, 612.1310424804688, 854.581298828125, 780.6748046875, 693.71923828125, 865.4857177734375, 801.406982421875, 448.2115783691406, 506.5330505371094, 485.676513671875, 572.696533203125, 670.7831420898438, 967.8529663085938, 573.222412109375, 789.97802734375, 728.6126708984375, 640.7496948242188, 812.5771484375, 746.7838134765625, 415.9265441894531]","[3552.115478515625, 3176.973388671875, 2984.53466796875, 1286.4774169921875, 1955.196533203125, 1287.505615234375, 1039.8795166015625, 527.1768798828125, 1888.4202880859375, 1194.3360595703125, 977.1531372070312, 469.1795959472656, 1651.607666015625, 1088.81494140625, 872.1994018554688, 435.0682067871094, 1580.735595703125, 1029.4853515625, 829.810791015625, 395.5373840332031, 1531.69091796875, 986.4732666015625, 799.5428466796875, 362.176513671875, 1457.419921875, 945.392822265625, 758.4617919921875, 338.38360595703125, 1415.4150390625, 914.9955444335938, 729.8171997070312, 308.79681396484375]"
15,8,94,27,6e-06,0.009,False,False,"0    0.040545
1    0.000000
2    0.000000
3    0.000000
4    0.000000
5    0.000000
6    0.000000
7    0.000000
Name: wt_f1, dtype: float64","[8205.7939453125, 7894.19677734375, 7601.6494140625, 7467.2822265625, 7312.322265625, 6807.7548828125, 6792.099609375, 6295.796875, 6115.31201171875, 5747.10400390625, 5586.845703125, 3912.33984375, 4759.7001953125, 4362.77490234375, 4107.28173828125, 3974.063232421875, 3846.431640625, 2882.83740234375, 3199.0830078125, 2619.521240234375, 2490.040771484375, 2133.925048828125, 2282.10546875, 1307.7174072265625, 1479.211669921875, 1259.19921875, 1221.833740234375, 1402.643310546875, 1755.6348876953125, 987.7337646484375, 1445.166015625, 1227.9193115234375, 1079.55078125, 1207.150146484375, 1227.2481689453125, 675.2666625976562, 890.9490356445312, 812.7518310546875, 915.3597412109375, 1047.8326416015625, 1518.5343017578125, 968.65869140625, 1305.697998046875, 1147.6439208984375, 972.2547607421875, 1262.1591796875, 1159.286865234375, 614.3706665039062, 820.9873657226562, 745.53662109375, 836.0487060546875, 957.524658203125, 1359.10693359375, 828.824951171875, 1158.58251953125, 1030.34521484375, 915.906494140625, 1102.3057861328125, 1083.3990478515625, 596.1000366210938, 749.1113891601562, 701.2957153320312, 784.8485107421875, 918.3154296875, 1290.639404296875, 772.8062133789062, 1111.35791015625, 983.7353515625, 892.4706420898438, 1043.943359375, 1030.822265625, 559.8670654296875, 702.5553588867188, 656.638916015625, 740.9824829101562, 864.1103515625, 1226.656494140625, 740.132080078125, 1045.7012939453125, 932.22021484375, 840.3353881835938, 1014.0185546875, 969.9700317382812, 514.1827392578125, 654.6049194335938, 621.8140869140625, 709.1636962890625, 826.0831909179688, 1166.1656494140625, 699.072021484375, 998.451416015625, 881.5484619140625, 799.189697265625, 963.423583984375, 924.8671875, 487.8002014160156]","[4694.9873046875, 4713.5634765625, 4805.1044921875, 5005.6162109375, 5040.41943359375, 4707.6533203125, 4989.18994140625, 4630.10400390625, 4752.36767578125, 4770.91943359375, 4887.44140625, 3621.54736328125, 1465.8819580078125, 1351.2880859375, 1382.99169921875, 1679.517578125, 2187.5615234375, 1267.7542724609375, 2027.6988525390625, 1765.905029296875, 1795.96533203125, 1621.39453125, 2002.10546875, 1207.80126953125, 884.99658203125, 807.98681640625, 910.4241943359375, 1043.4801025390625, 1471.5548095703125, 936.9539794921875, 1280.8460693359375, 1141.5357666015625, 989.6282348632812, 1241.771240234375, 1205.9996337890625, 657.5420532226562, 816.7948608398438, 750.5835571289062, 852.9822387695312, 977.4129028320312, 1401.0906982421875, 881.8343505859375, 1218.2562255859375, 1086.2952880859375, 934.171630859375, 1204.771240234375, 1133.08642578125, 610.485107421875, 748.5836181640625, 700.1773071289062, 786.81689453125, 919.7913818359375, 1296.6483154296875, 785.7660522460938, 1129.842041015625, 1008.6253662109375, 911.6797485351562, 1074.03955078125, 1072.0634765625, 593.971435546875, 698.459228515625, 659.4712524414062, 744.859619140625, 873.059814453125, 1235.420166015625, 745.126708984375, 1069.134033203125, 956.0929565429688, 868.275390625, 1030.5087890625, 1014.6864624023438, 555.3843994140625, 650.6814575195312, 621.6549682617188, 711.9524536132812, 827.4104614257812, 1179.9119873046875, 710.9722900390625, 1014.9190063476562, 905.62939453125, 818.9644165039062, 995.8497924804688, 956.4706420898438, 512.4751586914062, 610.5524291992188, 588.5694580078125, 675.3643188476562, 787.19970703125, 1122.013671875, 670.8004150390625, 963.58447265625, 856.1256713867188, 784.4635620117188, 943.2918701171875, 908.1302490234375, 482.9576721191406]","[5090.623046875, 4876.5078125, 4566.4130859375, 2058.2109375, 2527.760498046875, 2002.64306640625, 1481.2803955078125, 879.0299072265625, 1935.864013671875, 1267.8411865234375, 1006.0482788085938, 466.3204345703125, 1889.7537841796875, 1218.7257080078125, 972.8446655273438, 439.23675537109375, 1720.468994140625, 1155.26513671875, 898.2454223632812, 434.3577575683594, 1659.185546875, 1108.5780029296875, 865.6896362304688, 411.55059814453125, 1617.39453125, 1064.31201171875, 840.5328369140625, 382.05535888671875, 1553.8629150390625, 1022.4069213867188, 808.89599609375, 361.3304748535156]"
16,8,94,27,6e-05,0.008,False,False,"0    0.000000
1    0.200191
2    0.377501
3    0.528414
4    0.513166
5    0.487029
6    0.519892
7    0.486524
Name: wt_f1, dtype: float64","[6485.3857421875, 4210.3974609375, 2349.162353515625, 1198.4990234375, 1522.7979736328125, 1068.73095703125, 1274.403076171875, 1059.63330078125, 917.27490234375, 1088.3243408203125, 1078.4976806640625, 613.5123291015625, 692.9323120117188, 650.2974243164062, 686.958984375, 822.3441772460938, 1103.231201171875, 654.59912109375, 881.6854248046875, 832.6106567382812, 729.2581787109375, 877.2389526367188, 760.0928955078125, 421.6310119628906, 463.73712158203125, 506.1994934082031, 514.5670166015625, 611.5577392578125, 897.7698364257812, 491.2701416015625, 655.7171020507812, 611.621826171875, 527.5899047851562, 683.0308227539062, 624.4736938476562, 294.74163818359375, 291.15972900390625, 345.0455017089844, 377.9312744140625, 444.1308288574219, 638.1561889648438, 330.7279968261719, 426.797119140625, 362.9757080078125, 367.9488525390625, 492.3577575683594, 424.7211608886719, 172.5143280029297, 224.39724731445312, 259.94415283203125, 306.8427429199219, 302.81121826171875, 472.82196044921875, 272.94744873046875, 326.178955078125, 421.20257568359375, 312.79644775390625, 408.8742370605469, 388.06689453125, 158.341796875, 236.32354736328125, 268.4627685546875, 182.7745361328125, 224.70291137695312, 397.92626953125, 249.03477478027344, 273.0726623535156, 213.53021240234375, 249.25439453125, 380.1507873535156, 310.2635192871094, 127.70108032226562, 186.02059936523438, 104.41364288330078, 142.0426483154297, 193.9591064453125, 457.33135986328125, 156.301025390625, 209.32774353027344, 169.39344787597656, 196.42904663085938, 365.19677734375, 229.34083557128906, 93.59503936767578, 125.51885223388672, 156.33482360839844, 136.7027587890625, 150.77694702148438, 292.8990478515625, 153.23025512695312, 175.32687377929688, 139.3130340576172, 140.16708374023438, 252.63339233398438, 177.60704040527344, 128.8489227294922]","[687.4501953125, 659.8858032226562, 714.4986572265625, 889.3969116210938, 1196.230224609375, 730.4683227539062, 1040.55810546875, 942.7963256835938, 877.8011474609375, 1000.2876586914062, 1001.6736450195312, 583.6043090820312, 460.996826171875, 505.4837341308594, 533.0726318359375, 639.2752685546875, 941.4822387695312, 541.5366821289062, 736.6685791015625, 692.7906494140625, 625.4996948242188, 788.1112670898438, 718.6842651367188, 401.5889587402344, 282.071533203125, 350.77545166015625, 375.9193115234375, 455.513671875, 677.0206298828125, 399.63848876953125, 513.2249755859375, 462.84539794921875, 461.72369384765625, 616.5932006835938, 544.3942260742188, 260.1230773925781, 213.61656188964844, 247.78829956054688, 222.502197265625, 291.8876953125, 485.3559875488281, 309.6208190917969, 359.5565185546875, 274.3338317871094, 332.84344482421875, 427.36907958984375, 336.8568115234375, 143.02911376953125, 231.02151489257812, 273.7516174316406, 217.66488647460938, 353.923583984375, 637.6397705078125, 292.509033203125, 417.5604248046875, 377.33392333984375, 410.4554138183594, 651.6248779296875, 438.2273864746094, 207.89913940429688, 166.97418212890625, 107.67303466796875, 161.2438201904297, 175.68707275390625, 289.5156555175781, 157.7064208984375, 201.00225830078125, 155.00875854492188, 172.32757568359375, 259.2998046875, 225.7237548828125, 98.2398452758789, 122.29187774658203, 156.056884765625, 163.42140197753906, 142.08563232421875, 303.51055908203125, 154.33096313476562, 173.13246154785156, 136.63644409179688, 178.74307250976562, 240.50718688964844, 186.60557556152344, 90.38651275634766, 139.846435546875, 160.90179443359375, 178.3041534423828, 183.67160034179688, 362.5900573730469, 175.69741821289062, 177.873779296875, 141.07147216796875, 119.86638641357422, 183.62026977539062, 128.89930725097656, 93.12307739257812]","[1610.2581787109375, 1082.2294921875, 838.7571411132812, 441.0116882324219, 1340.74072265625, 843.2909545898438, 656.842041015625, 293.56280517578125, 1098.55126953125, 706.7538452148438, 524.835693359375, 204.51272583007812, 1181.945556640625, 571.7347412109375, 554.7071533203125, 165.19717407226562, 1231.844482421875, 832.125244140625, 551.6689453125, 237.7933349609375, 1294.80419921875, 681.202392578125, 550.1486206054688, 193.978271484375, 1242.760009765625, 635.9979248046875, 508.73577880859375, 144.18917846679688, 1695.2637939453125, 791.920166015625, 829.998046875, 198.84471130371094]"
17,8,94,27,0.003,0.007,False,False,"0    0.0
1    0.0
2    0.0
3    0.0
4    0.0
5    0.0
6    0.0
7    0.0
Name: wt_f1, dtype: float64","[7727.2607421875, 1388.125244140625, 16181.0009765625, 23181.994140625, 2374.595458984375, 1202.5574951171875, 1652.327392578125, 1885.9476318359375, 1347.7041015625, 1536.1824951171875, 1494.6866455078125, 794.8560791015625, 1098.48388671875, 1005.4423217773438, 1087.9761962890625, 1263.9678955078125, 1663.908203125, 1201.843994140625, 1458.61767578125, 1325.8026123046875, 1094.8931884765625, 1579.267333984375, 1378.4385986328125, 792.8897094726562, 1094.2978515625, 973.4044799804688, 1104.3553466796875, 1307.2587890625, 1805.4144287109375, 1172.8997802734375, 1471.34375, 1369.5670166015625, 1168.54150390625, 1518.121337890625, 1359.4154052734375, 753.2703857421875, 1059.774658203125, 990.4212036132812, 1092.7890625, 1258.93701171875, 1678.07763671875, 1194.75390625, 1488.140380859375, 1349.4306640625, 1110.513671875, 1540.704345703125, 1386.11767578125, 751.77978515625, 1046.8104248046875, 973.4771118164062, 1086.972412109375, 1240.8544921875, 1678.513427734375, 1185.377685546875, 1468.9122314453125, 1335.7113037109375, 1106.9041748046875, 1536.7969970703125, 1371.872314453125, 750.0513916015625, 1051.6187744140625, 977.6361083984375, 1087.0843505859375, 1251.1439208984375, 1685.6767578125, 1176.2054443359375, 1464.9638671875, 1339.112060546875, 1117.37841796875, 1535.511474609375, 1368.7489013671875, 751.6686401367188, 1044.7584228515625, 974.496337890625, 1089.7418212890625, 1248.5911865234375, 1688.812744140625, 1179.232177734375, 1471.8936767578125, 1341.4033203125, 1114.97509765625, 1538.934814453125, 1370.075439453125, 749.572021484375, 1045.408203125, 980.9232177734375, 1090.471435546875, 1251.1142578125, 1687.2030029296875, 1179.15673828125, 1467.234375, 1339.494873046875, 1112.6431884765625, 1540.377197265625, 1373.5289306640625, 750.364990234375]","[1100.735107421875, 1022.6727905273438, 1132.27197265625, 1346.2479248046875, 1869.2164306640625, 1245.2835693359375, 1620.299072265625, 1426.501953125, 1151.4366455078125, 1672.1197509765625, 1457.49462890625, 780.4400024414062, 1090.368896484375, 1011.2867431640625, 1129.7216796875, 1250.6968994140625, 1651.401123046875, 1199.8580322265625, 1486.567138671875, 1320.455078125, 1121.1875, 1507.7464599609375, 1386.890625, 790.110107421875, 1061.7900390625, 987.7050170898438, 1093.423095703125, 1274.95654296875, 1757.0120849609375, 1191.570068359375, 1537.562744140625, 1362.073486328125, 1105.4827880859375, 1587.275146484375, 1395.5047607421875, 756.707275390625, 1046.2098388671875, 969.84375, 1085.7198486328125, 1255.723388671875, 1733.50732421875, 1179.1302490234375, 1514.8251953125, 1334.694091796875, 1093.60205078125, 1560.872314453125, 1386.557861328125, 751.261962890625, 1049.71337890625, 973.3851928710938, 1080.59912109375, 1247.538330078125, 1697.459716796875, 1171.37744140625, 1496.918212890625, 1323.8941650390625, 1087.18212890625, 1533.816650390625, 1364.3533935546875, 749.1903076171875, 1043.0880126953125, 971.0380859375, 1082.4649658203125, 1243.4501953125, 1705.37841796875, 1170.9530029296875, 1498.74609375, 1323.3035888671875, 1087.3638916015625, 1538.0552978515625, 1370.4720458984375, 749.4219360351562, 1044.49365234375, 975.2539672851562, 1081.69287109375, 1246.3692626953125, 1704.6890869140625, 1171.2679443359375, 1498.0133056640625, 1325.052001953125, 1088.5340576171875, 1537.0986328125, 1365.8267822265625, 749.294677734375, 1043.522705078125, 973.1978759765625, 1082.753662109375, 1243.1318359375, 1699.602783203125, 1170.4114990234375, 1496.1075439453125, 1320.5338134765625, 1086.9344482421875, 1530.8935546875, 1365.43603515625, 749.390380859375]","[2531.4990234375, 1529.2763671875, 1318.9677734375, 599.186767578125, 2168.89404296875, 1484.5909423828125, 1262.25146484375, 531.4217529296875, 2388.326416015625, 1473.865966796875, 1259.62060546875, 561.6729125976562, 2332.12060546875, 1477.7666015625, 1250.02587890625, 554.2858276367188, 2284.719970703125, 1442.240478515625, 1236.2869873046875, 544.1699829101562, 2292.67236328125, 1456.303955078125, 1238.96484375, 542.2138061523438, 2289.022705078125, 1444.7568359375, 1237.8619384765625, 542.6068115234375, 2279.37255859375, 1446.8243408203125, 1237.462646484375, 539.2596435546875]"
18,8,94,27,0.002,0.003,False,False,"0    0.0
1    0.0
2    0.0
3    0.0
4    0.0
5    0.0
6    0.0
7    0.0
Name: wt_f1, dtype: float64","[7244.84619140625, 1116.24365234375, 1969.94580078125, 1445.9801025390625, 42416.41796875, 1703.4375, 2025.312744140625, 1663.7813720703125, 1193.3790283203125, 1599.6484375, 1358.3394775390625, 947.2631225585938, 1063.026611328125, 1002.3963012695312, 1086.1190185546875, 1249.45654296875, 1649.3885498046875, 1197.961181640625, 1528.64990234375, 1317.59228515625, 1152.0728759765625, 1508.1917724609375, 1356.650146484375, 754.4437255859375, 1045.5970458984375, 974.7857055664062, 1094.3583984375, 1258.561279296875, 1665.986572265625, 1255.415283203125, 1488.219482421875, 1315.00537109375, 1096.6279296875, 1603.501953125, 1359.514404296875, 785.7728271484375, 1095.250244140625, 1004.8565063476562, 1085.07177734375, 1276.9761962890625, 1800.9847412109375, 1173.77783203125, 1470.8795166015625, 1329.6798095703125, 1164.234375, 1520.555908203125, 1357.3642578125, 755.254150390625, 1044.769775390625, 976.12744140625, 1106.236328125, 1294.2763671875, 1771.44580078125, 1169.83740234375, 1466.4635009765625, 1334.8880615234375, 1174.26513671875, 1525.974609375, 1361.5771484375, 762.9720458984375, 1042.129638671875, 977.7069091796875, 1104.592041015625, 1301.7818603515625, 1804.902587890625, 1185.8836669921875, 1487.08740234375, 1313.930908203125, 1134.4752197265625, 1530.614990234375, 1386.7327880859375, 792.7154541015625, 1061.46728515625, 977.74560546875, 1087.61865234375, 1281.85107421875, 1799.462890625, 1196.27099609375, 1519.79296875, 1313.25048828125, 1096.281005859375, 1512.4227294921875, 1375.63671875, 807.7393798828125, 1089.7020263671875, 1001.11767578125, 1083.2425537109375, 1255.305419921875, 1755.6817626953125, 1190.926513671875, 1521.0543212890625, 1323.4686279296875, 1088.828125, 1511.6966552734375, 1361.2083740234375, 791.2542114257812]","[1061.771728515625, 996.3511352539062, 1096.7669677734375, 1234.607177734375, 1645.9854736328125, 1173.858154296875, 1463.1883544921875, 1311.7779541015625, 1101.0955810546875, 1505.4227294921875, 1356.517578125, 768.5979614257812, 1045.484619140625, 973.9662475585938, 1084.494873046875, 1242.3702392578125, 1687.8580322265625, 1170.5186767578125, 1489.90576171875, 1312.563232421875, 1086.8179931640625, 1517.3704833984375, 1360.2198486328125, 750.81396484375, 1093.85302734375, 1038.815185546875, 1127.1336669921875, 1254.6939697265625, 1640.2855224609375, 1198.2977294921875, 1469.266357421875, 1332.92431640625, 1132.3226318359375, 1512.107177734375, 1367.4598388671875, 795.282958984375, 1044.530029296875, 970.068603515625, 1080.82080078125, 1244.609375, 1702.7305908203125, 1170.5814208984375, 1496.75927734375, 1322.120361328125, 1086.900634765625, 1536.6593017578125, 1368.6153564453125, 748.9646606445312, 1042.3876953125, 976.2897338867188, 1082.317138671875, 1239.0032958984375, 1686.4217529296875, 1167.8095703125, 1485.340087890625, 1314.434326171875, 1087.0439453125, 1520.33251953125, 1357.859130859375, 750.5707397460938, 1060.59228515625, 997.0957641601562, 1095.1207275390625, 1235.830810546875, 1646.699951171875, 1172.9969482421875, 1463.8367919921875, 1311.4774169921875, 1099.8194580078125, 1503.000244140625, 1352.265625, 766.6768798828125, 1088.1484375, 1030.52587890625, 1122.1793212890625, 1250.9375, 1640.5965576171875, 1194.1397705078125, 1467.856201171875, 1327.7913818359375, 1126.673095703125, 1509.4853515625, 1365.87060546875, 790.7396240234375, 1087.046875, 1030.171630859375, 1121.0516357421875, 1249.415771484375, 1640.0013427734375, 1192.9345703125, 1466.6446533203125, 1328.19775390625, 1126.065185546875, 1510.567138671875, 1365.4462890625, 790.2515869140625]","[2175.815673828125, 1440.5115966796875, 1234.526611328125, 532.6937255859375, 2247.978515625, 1439.2979736328125, 1236.6959228515625, 536.2782592773438, 2142.817138671875, 1442.371826171875, 1254.021240234375, 533.780517578125, 2287.53173828125, 1453.0755615234375, 1237.8409423828125, 544.2900390625, 2249.0869140625, 1436.7796630859375, 1233.6405029296875, 535.94921875, 2175.65771484375, 1430.824951171875, 1233.10546875, 531.5048828125, 2145.340087890625, 1443.2607421875, 1250.977294921875, 533.4024658203125, 2147.509033203125, 1443.4744873046875, 1249.7200927734375, 533.3309326171875]"
19,8,94,27,0.001,0.002,False,False,"0    0.0
1    0.0
2    0.0
3    0.0
4    0.0
5    0.0
6    0.0
7    0.0
Name: wt_f1, dtype: float64","[7044.556640625, 1793.38525390625, 1810.414306640625, 1248.4046630859375, 1836.5474853515625, 1163.576416015625, 1465.9898681640625, 1423.0643310546875, 1199.450927734375, 1874.298828125, 1577.728271484375, 778.9254150390625, 1053.4324951171875, 991.3675537109375, 1125.358154296875, 1243.9300537109375, 1662.0423583984375, 1167.512939453125, 1483.1937255859375, 1310.74365234375, 1090.1055908203125, 1511.538330078125, 1355.28955078125, 768.05322265625, 1055.1923828125, 985.738525390625, 1081.4771728515625, 1250.709716796875, 1735.75244140625, 1167.7540283203125, 1469.016845703125, 1317.0302734375, 1126.5048828125, 1521.029052734375, 1360.217041015625, 771.843994140625, 1053.07421875, 979.4937744140625, 1082.19921875, 1263.727783203125, 1755.9278564453125, 1178.463623046875, 1499.95458984375, 1314.117919921875, 1106.8572998046875, 1509.068603515625, 1372.3284912109375, 793.9974365234375, 1076.033447265625, 991.4891967773438, 1089.12939453125, 1246.901123046875, 1740.44384765625, 1183.04638671875, 1508.6673583984375, 1322.2264404296875, 1092.4486083984375, 1513.806884765625, 1365.039306640625, 791.5746459960938, 1087.515869140625, 1013.1123046875, 1088.853759765625, 1238.812255859375, 1709.88427734375, 1171.638916015625, 1498.100830078125, 1322.7105712890625, 1088.1539306640625, 1514.427978515625, 1353.4744873046875, 775.9855346679688, 1075.596923828125, 1006.1541137695312, 1092.0604248046875, 1237.493408203125, 1698.230712890625, 1171.9879150390625, 1491.036865234375, 1318.7198486328125, 1094.5867919921875, 1512.8052978515625, 1354.926025390625, 777.035888671875, 1069.5804443359375, 1000.7755126953125, 1085.2861328125, 1236.4246826171875, 1702.49560546875, 1168.7449951171875, 1487.427978515625, 1316.4053955078125, 1093.3009033203125, 1515.210205078125, 1354.271240234375, 778.0156860351562]","[1052.525390625, 967.9412231445312, 1084.5538330078125, 1247.076416015625, 1711.6036376953125, 1175.4871826171875, 1506.53564453125, 1333.358154296875, 1090.4306640625, 1555.8662109375, 1385.199951171875, 752.8197631835938, 1052.864501953125, 994.27734375, 1093.6265869140625, 1232.110107421875, 1652.9560546875, 1170.432861328125, 1465.185546875, 1310.1251220703125, 1097.2637939453125, 1503.97509765625, 1352.54296875, 763.9535522460938, 1052.6412353515625, 986.5872192382812, 1085.2852783203125, 1233.21533203125, 1654.06396484375, 1166.81396484375, 1465.510498046875, 1310.8558349609375, 1091.9085693359375, 1508.08984375, 1350.0059814453125, 758.5333251953125, 1076.3798828125, 1013.3427124023438, 1110.631591796875, 1244.0611572265625, 1641.9390869140625, 1185.03515625, 1466.3050537109375, 1318.009521484375, 1113.8751220703125, 1503.8701171875, 1360.6341552734375, 779.956298828125, 1086.7877197265625, 1026.5079345703125, 1120.108154296875, 1251.330078125, 1641.429931640625, 1193.1810302734375, 1468.403564453125, 1324.9921875, 1124.2333984375, 1507.25439453125, 1364.8424072265625, 788.5478515625, 1075.3472900390625, 1012.4931640625, 1108.38916015625, 1243.280517578125, 1641.150634765625, 1183.4564208984375, 1464.950927734375, 1318.0584716796875, 1112.6219482421875, 1504.251708984375, 1358.762451171875, 778.6506958007812, 1069.314208984375, 1006.324462890625, 1103.1959228515625, 1239.6572265625, 1642.623779296875, 1179.1153564453125, 1463.6568603515625, 1315.1812744140625, 1107.6651611328125, 1503.7864990234375, 1356.455322265625, 774.180419921875, 1070.430908203125, 1007.66162109375, 1104.251953125, 1240.4798583984375, 1642.346923828125, 1179.967041015625, 1464.1873779296875, 1315.630126953125, 1108.485107421875, 1503.3228759765625, 1356.4962158203125, 774.896240234375]","[2325.468017578125, 1482.242919921875, 1243.507080078125, 551.4329833984375, 2183.955810546875, 1432.98681640625, 1232.5494384765625, 528.410888671875, 2199.81689453125, 1428.703369140625, 1227.8272705078125, 534.0930786132812, 2154.878173828125, 1440.1229248046875, 1243.6600341796875, 532.3006591796875, 2144.92138671875, 1441.8487548828125, 1250.363037109375, 534.0509033203125, 2156.595703125, 1437.2318115234375, 1241.7083740234375, 532.7655639648438, 2162.8974609375, 1435.875244140625, 1238.177001953125, 532.2760620117188, 2161.527099609375, 1435.123779296875, 1238.829833984375, 531.9640502929688]"
